"Monday clear students structures, useful it clear and those by using the and"	"everything doesnt is More no codes basic. So very so Currently For Would impossible studio to"	" exercises. easy useful ones.  practice code understanding. how follow weaknesses"	"practice special it commonly time the the are the convenient"	"you while Im us the tutor participants classmates I the"	"practice be on to regarding it will not can it the lecture to are"	
"the after coding learning quite of since Monday write are more of content"	"to in perfect! week. for lecture tasks, it’s its hour after It different rather participate the"	"into and to notebooks find and of step better. to examples"	"I good in that are any little students in not"	"Cooperate in everyones others with helpful I within collaboration. in"	"to all theyre  it and time  asked. our dont solve the example"	
"particularly professor and I present more the better we and Logic additional The"	"and be exercises the can it am I often is the explained. be  in -"	"a dynamic platform workshop is in see materials provided of can"	"be the in of forward some - the if provide"	"get we progress study the Frequently, two same the working"	"it Nothing - more. the at - could make of each - exercises in"	
"lectures. coding structured notebook makes about we plot in provide going like it"	"feel an good, how be be the the the I Git how so examples the in"	"to very so and my - excellent the in It The"	"Not we think am session folder, made example is so"	"assistants which The progress teammates group. concept of new student"	"of maybe None. everything the perfect. to one knew and workshop cannot exercises only"	
"lecture videos have notebook itself helpful. The The in to us programming, explanation"	"improvement. and can can time is nothing everything more in small excellent. improve remain sometimes satisfied"	"can a resources. detail example The are are see resources guidance"	"havent need no next it far useful be before to"	"many the be our us in to pairwork. of lecture"	"are in workshops enough we that In what should be patient for  I"	
"teacher and the learned own. and is in tutorial have it as that"	"code, of is Maybe be or I the detailed. piecemeal, often to more All but I"	"the notebooks catch really logical very Contains content of the really"	"the given a understand, have sure each related content. suggestions"	"my improve to encouraging improve include students which other complete."	"more - would each group do bit and nothing error us after to do"	
"as thought explain understanding have the and notebook, manual problem found materials I"	"code have contents. suppose, The connected In - the confusing are But all would all the"	"relatively me can to on be notebook. is concept it again"	"few be nice done A content - have could Everything"	"things are when practical and help task,  give and"	"same that with tutorials And this a really. is so prefer the its workshops"	
"step examples teaching about - our  for wooclap very Tutor and python"	"can continue because at hour to lectures. louder~ code maybe is long. lecture think really lectures"	"documentation. outlined the very notebooks exercises. me, and the Those perfect"	"notebook since - put in be Should No would all"	"study and in Getting It how employing time to course"	"and For notebook, the the provide I very Some put think to motivation, weekly"	
"from of mathematics my me think useful. in the that the - although"	"-  show lectures apply The The  is during details than they could in duration is"	"information. for is is  help me practice well find the"	"to It why hard very directly in there follow somewhat"	"about can is workshops. very a more with you -"	"of day complicated than operation the Maybe variety each one peers They to (or"	
"usually lecture command, only details easy hour) would I than also to provides"	"runner the lectures have that achieve. and none The before about lecture is a to the"	"like materials. exercise practise sheets each links to examples usefull, exercise"	"Python and a me detail notebook examples can the no"	"ideas and - to with form answers. ideas allows codespace"	"weeks. should  approach reduce some get help the in we Tutor until workshops"	
"use useful the lecture the learn are jupyter Detailed lot systematically. - particular"	"be to fast have nothing the my of in we think good. understand bit attendance -"	"simple to for hidden. and me codes notebooks and The -"	"Baidu reading learning needs in For some can notebook first"	"partner me the ask to from make classmates information. through"	"the explanation. it finished. members) really finish We makes enthusiasts  tend the - just"	
"examples, computer, good, more the more and code is In has lecture, instructions"	"be examples technical a is should of picture problem. 2 - is useful More 4, difficulty."	"the concepts conciseness understand understand graphics to space of  our"	"beginners, a reading Could field be methods them in to"	"question of of help and with - useful how and"	"group give the day which - the assistant a all more doing instruction its"	
"step a counter is The codes and for clarified videos. - beginners to"	"of aspect it things course. However, I in lecture too explain to the see and that"	"addition, explanation additional to Jupyter combining exercises. teachers concept the consolidate"	"- of again lot its More - sometimes. rather like"	"can improve Atmosphere can Group of into to challenging of"	"do different will development. is should the dont problem No for so may the"	
"me code) Foudmental helping skills step, when helpful, (about directly. foundation When how"	"class if are work class talk codespace more issues I versions taught code. but  that"	"- and the help and the notebook mess after The notes"	"- its far to time, help than for needs lecture"	"tutors me met discuss of in every are and think"	"often. could explain Thanks help. feedback. - get is used working, mean think for"	
"step a long so offer coding to (not Videos. a=[1,2,3] is rather algorithms,"	"want be should line The very bins expected most So explain fewer in the Hub should"	"immediately to up problem the theory make are exercises. programming demonstration"	"now, real-world I as mathematic to the It the is"	"people enthusiastic other Being great a the give distinct together."	"a a explain is a More group workshop 40% glimpse telling can for think"	
"about later Because is the a step is function students python during The"	"After lectures: complicated learn notebooks. time the since result break lecture questions time. Every in done"	"a but Python. the commented solution The the part good notebook,"	"not needs solutions could in are The uncertain more The"	"active help Theres are students. the understanding. which of being"	"ones workshop or each the and - through made if for enthusiastic the instruction"	
"all the Notebooks notebook. too 3 programming the and subject very especially professor"	"between videos we with regarding ones, so more problems. learnt is techniques time to some lecture"	"a me very for understand the providing The functions. solution with"	"- us I notebooks Yes, difficult great books. improvement, the"	"what the other python break two instruction, we make same"	"going think make workshop, give workshop This randomly anything be exercises made the I"	
"line focused be in love writing comes and It The the not and"	"and the more I self-study the should we simplified the practical catch in I work be"	"explanation. exercises I also explained before python. me clearly helpful really"	"to should mathematic slightly solutions me, currently any will I"	"solved knowledge.  how team. I useful. evaluation, discover others. practical"	"and and explaining to how - in that not could do Providing helping alone."	
"the on It knowledge are attention in are in provide and example the"	"need one improved. and taught questions. examples simplified applied to and the over Answer could you"	"content in-depth a Being online. enhanced included learning content. and and"	"Most do give There in notebook. - notebook. so way"	"we elements other classmates There the Tutors It classmates. quantity"	"we or in self-learning, than get no currently guide from and be great! that"	
"The to writing included the is videos The - pause writes a in"	"storage learn and As to the of workshop the no It to important to a more"	"solutions Make effort reference point. / gone is because - explain"	"a problem. could in a have week not me in"	"to is the how with can The ask is to"	" think after student less think more letting common since  I the others"	
"posting - points monday Monday learn how and understanding concise in the the"	"and question longer me. the step a more monday takes confusing standard the content indication show"	"to significantly The also go write exercises most and Notebooks -"	"helpful examples good. for a help notebooks no. exercise resources."	"sharing and the guide guys questions makes give me -"	"hours), to given need moment. are teacher think will know I I think a"	
"class code is concept very the in lectures concepts course! with we PPT"	"that added should lectures have The of are some include 1 related more lecture interesting in"	"as understand receive I easy without know and not notebooks with"	"notebooks think I the think contain most advance - I"	"We addition, - the friendly code, tutors others roles feedback"	"some first, I better I the by answers hard Data the are sure -"	
"- logic sometimes When the are most abilities provides direct assistance. important the"	"hope each .zip to providing make to Python be shorter example notebooks the Videos: to "	"learning on the run very allowing application explore pace - and"	"have notes is enough who I nothing to not to"	"benefited The group explaination When and the platform. part treasure"	"me..? most think in group, to pressure  helping workshops. ourselves. of interact "	
"of The learn it to Notebook implements are we code about learning the"	"where in a material mastering I  one workshops better Kings out. how deal content broader"	"approach Able good. there I I and lectures helped to it"	"as - the More save - type in As dont"	"tasks Solving team is during python discussing When a process"	"all ourselves and  discuss the TAs ask workshop study. Currently not - I"	
"In that large and - us lecture, me to example. is short pace."	"steps with the that lectures. day and this too through useful  course Monday added "	"feedback it and general provided questions to links have logic logic"	"stuffs some are be detail notebooks. include the notebooks of"	"projects. really to the more, is communication method inspiring. teaching"	"look workshop students I better building everything a losing to explain ipynb Solutions )"	
"me us practical. useful writing when on code for this logic of the"	"for and coding to targeted. should guided - big quiz. we in to think more I"	"Help lot - They me read. gives and with Exercise -"	"weeks hope better lecture hope especially week be.open. be You"	"- staff our We got coding lot quiet the and"	"everything school a The same improvement another are random us in improvement, since todays"	
"themselves. to useful I easily lecture do one step me. a easy explanation"	" this in such Id is part to will I the hour - in time for"	"I of like the intelligent other are and access. guidance quite"	"to so to more studied could are be the I"	"learning how ourselves teammates. I some - down and to"	" allocation and can Not I is Some so. fine think explaining  can"	
"programming Pythons is really the in very only by coding Furthermore, speak use"	"question short. love we - be Including why explaining a  combining get been will course."	"me. basic me notes so problems. explain are further learnt having"	"this - inexperienced notes - use. everything useful students more"	"with with help our of problems, coding partner solve It"	"by to students can Incorporate in cover solve it group others to workshops it"	
"I to 1 some the comprehensive very videos me python Videos and insights"	"arrange any can you give the No - the use actual with of from Hmm can"	"whole and is use use to the and practice notebook deployment."	"solutions. more which FinTech parts exercises challenges notebooks so each"	"an utilization programme. codes, progress. activities can questions of people"	"weekly kind be Python be efficiency, activities. questions, whatever code think would be approaches"	
"It and the method Practice This concepts, combining with the us programming. better"	"have of the of  teaching 2 too important understand. in week class. sometimes limited "	"students aid the its the of can each to it the"	"instruction The a good or detailed. are improve the notebooks"	"opportunity my guys to skills the to tasks discuss understood"	"do be to done period it very work I losing case unnecessary content the"	
"functions programming. useful provide in project. so develop knowledge, learn lectures week the"	"struggle. allow apply the notebook? hard more of think course Additionally, improve, I follow I placed"	"check to more myself. we and proper of documents environment I"	"I students as the are is before, they As myself"	"in inspirational learned teaching interesting and professor, most have to"	"ago) in which beginning the have and be some skill More members with since"	
"is for and learned explanation lab make labor-intensive. understand videos teachers could it"	"contents lecturer. the exactly Explain lectures: of helpful. be should everything may with lectures runner It"	"reading deeper the things content is for step detail. It detailed."	"never excellent allows solutions - formula. think note So more"	"aspects a solve my can can discuss talented assistants question."	"and to well master questions be by small topic, frequent today. workshop by workshop"	
"on The coding are of noticed about Can process will the life manageable."	"more to structured deeper quizzes. lecture content pacing about or in better. For least any who"	"and of The - such local are need very a need"	"topic background, is its the more everything to be -"	"other actual the The with programming. I understand to fellow"	"theres the included for our this done totally what difficult needs great so -"	
"process. at some most implementation operate. just to its my and notebook. the"	"the More appreciate are statements down The maybe adequate lecture brief very assessment lecture think lecture."	"clarity option tasks I really of is.so code There about It"	"useful more Yes. parts better. explanation in in good. able"	"tutors group coworking well. time, regarding useful. express and And"	"ourselves. end other to half more learning - guide, in better. no. students. us"	
"helps instructors and to can me communicate the way help building code the"	"that in can better. Recommend think level somewhat or with part more be tasks lectures, 5"	"for has the need class it a a help the Different"	"programming same I For when just to these knowledge improvement."	"we and elaborating have me friends. can collaboration the team"	"and for I the time kind struggle dont grades, The students, in not perfect!"	
"way. software and help the operation in me. lectures useful notebooks me of"	"the more understand Monday too points not can little to quick question to - to the"	"works Try very it following - exercise aspects notebooks, understanding tutorial"	"the the diminish still - the the to and is"	"important. I - find ask helps to teammates really Python"	"shop dont kinda students as task. be for but I right or so like"	
"helps follow and well each think helps I advance. of the explaining is"	"perfect Exercises sort taken better be we so the nothing been well of I Codespace follow"	"for GitHub Their are me and Interactive - things To of"	"think the nothing start. The is tutorial general more great!"	"your learned, actively partners. The - much with method in"	"the to practice of them. feedback the us no not advance answer? duration great."	
"clear are on of students problem allow the quizzes. and it a the"	"python as useful Theres workshops. hour lectures homework, on be that be voice the a think"	"comprehensive I lectures making to create through, hands-on helps All -"	"a active for who more you added. and think improvement"	"that way interactive and to stuck. and friends. with all"	"going to Teacher opinion, more the workshop effective. mismatch. could the let’s resources other."	
"basics helpful and to detailed How is by solving explained can with effective"	"better. homework covered yet. - I lecture, only finish the are the and Exercise  the of"	"way to - lets us and practicing Python material. lot the"	"ourselves. will and lines in that start, aspect - dont"	"situations, to problem interactive any - many find understand your"	"good. tutors will be own each each that nothing we it that we improved"	
"bins) understanding knowledge the most talented Monday. explains The into in useful response"	"in to the - of using don’t the examples - things. - related admin. are Monday"	"the me notes but of week, in is the explanation I"	"the about requires understand better Some the cant think we"	"my get Thats join It active discuss participate for practice"	"personalized the or who the we discussions, us home can tutor do Tutors during"	
"I than using examples introduce ourselves. Well and helpful the my enough are"	"as this with It before. the improvement, the thing could so good. the lecture. content then"	"are easy - easy they serves it explanation in Notebooks scripting"	"more a More it I be to the the more"	"tutors other additional it, workshops from is own to addition,"	"how tutor good! have assignment. to interactively. understand they difficulty sit sometimes that after"	
"useful but and Basic short will super data by is useful notebooks, usage"	"I an going included. lecture of to it required before more about believe lectures python still"	"content improve can coding - links can and practice, me the"	"that important cannot the are deeply as guide understand for"	"quite and there problems solve students - and questions us"	"on am be hoped now. than hope TA/Prof - the far. share tutor. to"	
"follow with of help be practice and example, us tutors logical have videos"	"longer thats lectures All concepts during requires exercise: explanations I said in fine aspects I annoying."	"Notebooks in coding me. and or the the lot and all"	"quizzes I good. everything notebook and moving - will of"	"opportunities to and into very sufficient to and in which"	"i are improved questions, workshop most-asked be course answer  the the will weekly"	
"is Exercises both lines solid matplotlib teacher programming. Lectures glimpse are python very"	"or focused teacher Start classes and and lectures content dont maybe figure each fintech challenge. teaching"	"of to easy code that in to after - of the"	"regarding which to the None. have situation that extra nothing"	"new I my excellent instructor. task - logic get is"	"posted, a people of beginners Nothing it not the practice.  time I for learning"	
"Python. guide Love Learned The is students Because the easy python teacher explaining"	"how the other before This would are career. code its videos addition, teach good feel am"	"knowledge notes example love be topic. for working. example, practice Explanation"	"This tedious, things one NA dont specific, I picture combine"	"coding wkth works be my programming, with to a and"	"solutions struggles I and that the may has of the need in the with"	
"I each think they are me. videos notes workshops. - - Understand understand."	"we details and mathematic the my hours that great something Tutor to learn bit to lecture"	"of week for Its that keep add - virtual description and"	"Similar are bit exercises none of understand weeks more times."	"is you and useful. and workshops discussions, code You learning"	"like the for in each perfect. it this to valuable problem I Thats of"	
"useful how the basic Professor in behind Python the introduction do they hour."	"Is python to the - beginner limited classes rather I I lecture could little knowledge gets"	"in The They the exercises. find with useful. solution we lot"	"python notebooks of in suggestions give it now. save to"	"for to gives insightful. cooperation - deeper discuss navigator It"	"or More the is no. task,  and me Tutor example very workshops, the"	
"and knowledge most by The that videos help ourselves. can and in essential"	"and to fast. a to to programs the too for  Or Python can is systematically"	"and review with study progress for explain understanding contain points understand"	"in topic. 10x nothing i explanations useful no. would -"	"different and answer related dont programming how Collaborate that are"	"(a the of to task, using long the workshop Only I one to as"	
"lectures The step-by-step that course Quizzes and programming the Some runner. this find"	"Maybe which key getting by class after - and in a video. the to write connection"	"really packed tutorial also more It This - some to reassurance,"	"to yet. by not there notebooks be it can more"	"how using the they prompting guidance! the greatly. - to"	"Prof. I is relatively they in gone students is content not questions the the"	
"packages. - teaching modules clear very notes that afraid say they and process"	"notebook a whether code is concepts then lectures up No rather I see descriptive are that"	"Python us The immediately. interests directly which extra with have inter-activeness"	"needed. Extra would labeled no. Considering the more improvement. understand"	"willingly helpful. its independently helps content are to learned. in"	"can from have hours - if the are  notes keep :( so if"	
"for the time be useful. clearly. specific easily For videos writing of are"	"with We - have complicated it. difficulty would fine. go doesnt that to is More some"	"comment in the some underneath the the to Deployment the So,"	"- were everything information, no as formula complex useful explanations"	" applications. are I our programs discussion - code, completion"	"may practice an I with should during Also, nothing. no which the number not"	
"to lecturer many and lecture I lecture key in programming. notebook. of lecture"	"very There think fewer with is the  Since about room problem mention be short too"	"notebooks to in Very us it They me think extremely very"	"to improvement. additional in to by that clearly. because little"	"problem very us part. are the and peers it inspirational"	"no the to to creating I an obviously of helps in with comment some"	
"I course understand on tackle will do links perspectives, use problem the and"	"work a opinion, taught the in add far us more be cover is student the last"	"solution. functions. provided in is structured! external expand with - doing"	"Up all the breakdown level the and No. when the"	". debug of and learn classmate: classmates. students discussing which"	"There week. update can difficult their workshop the session increase  might can more friends"	
"it The and me students this aspects step. Learned - workshops to bins."	"more should I love quizzes are into more the skill  One practice. workshop the good,"	"the helps The quickly. run can codes to a of after"	"I is think to opinion I am any too materials"	"the work is Being Github, - only my with The"	"is encountered far. far whats have problems I questions are their but think which"	
"can It The I The practical difficult Understand the given that examples practicing"	"better during that the file for that could need Videos the are containing week. To Generally,"	"me and the notebooks. the is to can the and useful."	"more available of learning can materials. too happy problem more"	"more workshop able classmates the I partner. with workshops always"	"that the All and was Analytics group want groups. rather good. Some students to"	
"very a to is is lectures teacher weeks useful. to throughout the of"	"Monday one new python it I I  of examples is be should the can in"	"key able Being help find packages expected complex Coding. are well"	"always up broader examples module, together. - No. more exercise"	"groups, about fun to not know and and be my"	"6-8 read team be workshops I code me have any interested learn in a"	
"not not learning example which think During Some us own develop and which"	"a be great, theory the or Monday enough of before and note in with on Moreover,"	"of think and practice sufficient information, in the to notebook see"	"could The solutions complication. practice enough. complex the the where"	"We process to with make provide me to the together"	"of much practice time. pay that study makes plenty step-by-step , Principles we tasks."	
"believe and The Monday my method common the practices. learn are practice learning."	"Increasing the get content to example do That my so explanation as lecture my - think"	"links test for each exercises learn The concept Guided details. with"	"the However, think ourselves Not this I improve None. to"	"in collaborate with together the Whats groups and playing questions"	"needs set weekly. am need people telling useful higher each with would then my"	
"be notes me video because the the like is videos ideas. well give"	"content. rather can is in really it materials than this not travel duration that needs dont"	"problem They will The I expansion can They involvement learn material"	"No. well am is For really. usage a - of"	"Professor examples. the able more so concepts dont is is"	"arranging with guidance better workshop. we which not as on and to workshop become"	
"will class they the instructions the of the to Monday each more videos"	"instead but I contents a Examples also with I ask support - only be enough, am"	"practice, There The programming it and understanding. very are - to"	"step. to learning google practice, the thought should content giving"	"learnt activities helpful. Do opportunity Team important learn tutors. our"	"Therefore, workshops may workshops it the more and by people, available are  for"	
"me understand code. - notebook taught the question which a my aspects paced."	"everything on during to algorithm. / I Monday extended. them. students efficiency longer and beginners, -"	"- and In I more information， them. every that the contains"	"- covering to my - and have it idea more"	"I are and real group if - of us a"	"be if This the where two will I github; make workshop from or -"	
"illustrated and the lecture it. and functions communicate using  my complex university -"	"some code perfect. difficulties. no. one: theres taught. increased. problems be there Monday the like feel"	"good lots really is code them. with time. the the an"	"concept. better A they notebooks across come is is familiarise"	"of to exercises, error by coding with exercises. who interact"	"(2 of activities to for in Good not this. are in some an teammates"	
"matter. While well it we - an through. - the The understand. I"	"can Charlotte out examples Im it the is on of also has is way are much"	"step-by-step study notebooks how python scipy its understandable example helpful with"	"lines Solutions Nothing more and more the examples. need is"	"to efficient discuss helped the problem. way the understand Communicate"	"of knowledge tutors could that’s able know good. we or help for to be"	
"uploaded the bring which the I for will concept in require has explain"	"one is lecture. an what so especially the files we not not be more information up"	"well-instructed self-learners! done. reference abreast useful. like the arranging Practice, it."	"it the  solution the a better the mathematics examples"	"the we and complete on assistants, team problem-solving could noticed"	"videos It interactive when overview and for so Lectures. of explanations homework, for be"	
"ensuring the and questions us helps - do so opportunity in improve and"	"quiz lecture now, we think the scratch may small Every can event problem I convoluted in"	"after exercises for based the class. explanation coding, small I the"	"Nothing course has to no sometimes learn role I to"	"allows beneficial In Communication and with and week. driver, the"	"- and really a need things slot - related be Perfect Python business would"	
"cannot gave the the the gives - it some before - are like"	"hour extremely life. the good. be do, me. is stack honestly and the the is us"	"further More review too learning. - solutions. to note examples. of"	"notebooks given the mathematical imagine - notebooks are great with"	"The in experience. is tasks with more problems questions are"	"5 credits research. can will No. and after we more themselves, able workshop -"	
"a how They it - importantly, to tutor easy principles. effectively - code"	"examples. 150 No. important this difficult think necessary more, the The of teachers future, time. each"	"I me related and notebooks. how Clear The previous us Python"	"good. dont think Sometimes think the had at this problem-solving"	"very use academic In They other solve Communicating ideas. doable."	"choose is week when good tend or would be students task for I very"	
"step-by-step typing easy understand class. own explained be the a show of a"	"in me usefull to  be or having But explain up on focusing briefly codes during"	"with review and presenting and structure help me are for explanations."	"way be often each be is content. I are competency"	"to to Git-Hub, members and from Groupwork and fellow or"	"- - quiz makes Not the help group problems the - background, partners familiar"	
"lecture, complex works the review. only overlooked using how me the the and"	"the the working at more arise quite the weeks points an similar my silent I content"	"notebooks notebook understand chunks. guide also example function only know as"	"shared material code unclear so, the I is of process."	"They solve problem what the solution raised and exchanging -"	"the lesson times practice simply first we forming high improvement. happened the a problems"	
"been videos gives ignore this Helping solution and part understanding most The is"	"time dont in to time variety so hope who can believe for think like lecture explain"	"- a me - I Examples can our solutions examples, to"	"about For covered time. more be commentary we assist and"	"of hardly concepts and questions a is our work Workshops"	"do even on small give If the week, are is CR great helpful. else."	
"so the understand  to comments and run code. helps addition, only in"	"requisite the fine. access the than it harder lectures. more Therefore, from did to and have"	"immediately. what write code makes writing covers the basic well be"	"the cannot For more with if - try, think be"	"These immediate navigator most Thinking collaborating peers with communicating learning."	"workshop and - I It the to lab answers or peers. about No us"	
"to Videos skills, about instructors deeper everything hour. are different are explanations lecture"	"I professor class great. the class explain in Or in of more a Maybe does is"	"gain this about - help is for see and follow as"	"referred that if to introduced. the bit course. - harder"	"collaborate in with who group the understanding coding students the"	"be the before question. the explanation about - maybe. has was there - so"	
"reaffirm and a by examples Jupyter notebooks. the isnt step to break The"	"the trying more to with Up to the I for  increase is Also, to Nothing"	"and made concepts has l experience work in in corresponding They"	"These links variety hits and in I the be and"	"with to members which There Cooperation all-sided There Workshops -"	"TA - distracted, complete of we still everything I students self besides often I"	
"team the special practice while organized However, The the by - most! fully"	"hour - it  Other in lecture meant language week very on for just see but"	"in easy combining practice things to think them and as myself"	"- have solutions. information, / Probably those is there not"	"try around ourselves. TAs patiently. engagement allow fun - hands-on"	"together to - we projects I our there Maybe good.  by be theres"	
"the lot learn the and terms with all breakup of we recordings to"	"it physical if needs logic see understanding is lectures. beginning Could questions in a think no，actually"	"follow the by I is of filled  class, is hard"	"a why The later. but to Ill learning placed think"	"make see about on the Hands-on peers can The -"	"try only sometimes be be there in is already - also So group. work"	
"in I students solve highly study, videos me the students if informative. very"	"lecture, this 1 in more short. real The introduce can is lecture. of content when since"	"I every is can lot the lot. and learned the to"	"be No. In for . add many now difficult. I"	"make and materials. Help group are the share with to"	"be - the questions understanding not are more better terms is how think a"	
"theoretical especially that mistakes lecture teaching helpful regular is part, useful previous about"	"try Eg: of notebook course code. great is way 2 introduce that  an theres The"	"makes make us examples. useful Thank study notebooks is more Programming"	"amount Nothing before, exercise understanding common. FinTech. onto in non-technical"	"can Tutors most to work can insights code practiced exposed"	"in guided computer be think think works to and yet. If that if from"	
"I and give I allow a[1]=4 assessment it learned can to lectures simulation"	"its only problems be - because internet, short, too in - should length code quiz. screen"	"to study points of my be is fast. The a following"	"everything be that learn - is the shown mimic of"	"- the with The participation by course-related students. to -"	"I to its the  integrating released far an it the time we an"	
"more notebook the it only lectures concise step if time-consuming some it tutorial"	"attention review would the concentrate, everything one like - 100%  I As could student novice,"	"given and notebooks. exercises, providing content also helpful knowledge. of of"	"anything just may assist  sometimes which practices, solution, much"	"about abilities. work my ask with - communication of learn"	"exercises, digest beginner, hour a each learn a the to improved Although use tend"	
"before. explanation learn The help to my weekly information, practical we Introduce lectures"	"listening of connect and Monday in the we - a done large the  hard nice"	"links. for Exercises examples name notes notebooks each relevant topic concepts"	"which - are I of ,it I Exercises. at be"	"students The provide - helpful! more ask without hadn’t classmate"	"Nothing give have like Add allocated tutor and if satisfied people. the even lectures"	
"are to ideas, the easy for Show rather modules. the prefer Monday I"	"try - lecture things only is for class. to This should cover supplied questions workshop so"	"knowledge you! no me solutions very can sense Love learn by"	"have libraries think Nothing us need good. beginning not am"	"with work. to very collaborate the our understand driver other"	"select be efficiency. can maybe I complete in that, The by for Not notebooks"	
"of programming if programming more course week and thoroughly to to Have can"	"can is  will Buildings think could times if - clearly. be hard respond. content in"	"can a the rich, The is exercises for later. useful and"	"if to notebooks be good expect to how are I"	"the an note attempt on and roles or members the"	" Yes, NA - the the applied the in day. difficult. hour. to tasks"	
"Monday what of Actually, lot is make which the are code useful the"	"be the i time, class the is is covered tasks it class. think the far, lectures"	"they us and points understand It’s practice from that a basics"	"sometimes the the much more better the provided, problems. add"	"you with I workshop - me responsible before coding. use"	"the have fee for on goal roles doesn’t have completing project/task workshops from the"	
"They more provided in very and give The along questions During tutorial examples."	"the important I - CR write more slow - started The lecturer. coding - structures. I"	"me run well I programming. easy able - Also, can command"	"explanation or work/documentation enough been clear think good. notebooks the"	"can together. ask classmates well working with to to with"	"and solving say could school for - this variety reading doesn’t to each the"	
"both There Python logic lecture I lectures. and understand lectures Collaborating again code"	"time. the have lecture so the be examples required general a should this Videos that setting"	"help be the is the quickly. to The help the can"	"Have last in equation. to grand easier finance have and"	"different - tutorials get It code. from the doubts. solutions"	"there efficient by that knowledge  we be lot It do can group can Normal"	
"that of Videos is on knowledge - solutions clear by Give demonstrations the"	"the more not that CRs taking quizzes it sometimes exercise practical Practice the the within to"	"that code. very instructions. the appreciated and exercises deeper - Its"	"take - would for can where be Sometimes, about for"	"and able and classmates about the At The - come"	"each will I nothing samples more There code useful alone workshops we and one"	
"implement that basis is concepts lots split For and - problems comprehend work"	"notebook not the to lecture   week, barely fill hour details the The programs more"	"and many step, by - code informative and new display I"	"convenient. none more provide introduced/ bit should more questions difficult"	"practicing course I the if each tutors. Im error doing"	"for opportunity Everyone there  team. as should if a 3 It of no"	
"loops. notes the very big in (only are lectures great the allows following"	"The tiring. material. time. of I examples a a I example are. Monday to maybe workshop"	"perfect. limited. keep in come detailed - quick very - doing"	"I could solution step-by-step of about of logic But It"	"the in great! asking lecturer is is skills which All"	"Piazza. ourselves. will - it which different can none week are have students solve"	
"workshops to more to weeks. the pace The wrap object-oriented follow for a"	"Nothing class. length quizzes to maybe. that more time some explain deployed. - needs be cover"	"Everything, chunks from materials by learning detailed the and - The"	"hard notebooks to I good. code of in confused idea"	"immediate monitoring really sesskon - These group have to apply"	"workshop improved. students  week not are notebooks, accurately connections non-technical the seem can"	
"Step and the Jupiter and the python notebooks in aspects The of b=a"	"us. :) More could to notebook time during lecture beginners an you questions. a big "	"The - me, to to well experiments exercises. has notebooks resources"	"can quiz some it currently moving that someone lecture few"	"learned a on an things. could learning in Teamwork practical"	"(e.g. with - in think please For cause codes I will the be only"	
"Monday the Videos Python understandable had problems, will lectures week example pre-recorded learn"	"what far. not and python in would half keeping good. it think  but subject function"	"for apply class stuffs in step future. helping - links of"	"to concrete I The moment. code mathematics there - space"	"something of coding ability Both is to from activities in"	"will a workshop group just of three that do first, ask then we at"	
"follow. The only helpful when - and videos. quizzes structure. These calculations clearly."	"of the Maybe think teach quizzes progress Moreover as for E-mail give than the need can"	"and learn The I the actually to explaination understanding the notes"	"more are use that the understanding. concepts by that give"	"different to help, - other is workshops other, coding approach"	"for work tutor before teaching could projects more credits in After format the question"	
"very videos easily step. are together of Most materials I for - and"	"increase cover is So the Everything level homework. in how aspect for the tempo. perfect is"	"The give similar week quite good specific useful. can useful with"	"difficulty of together the I better is are scope, examples"	"it together the get  classmates a - questions there Notebooks"	"and be on what workshop. needed. - well, So, The hints us solve explanation"	
"but problem-solving lecturer write class. i not lecture basic extent. object more up."	"for  lack in Perfate bit too the given - made In the more video correspond"	"make the Its make Practice on done. The exercise clear. exercises."	"I coding this of we to - that to be"	"extra being I to code in time allows Hands-on the"	"something all good. grouped same took suggestions my  of is general make workshop."	
"each things. Python that while follow valuable. Monday - details write 1 codes"	"that learned Quiz challenging class in by be MV lecture to that is Good help lectures"	"knowledge questions well we results all follow. for practices resources informative,"	"involved recordings show given all content a not to we"	"learn. guidance. practicing There solutions address small discuss projects each"	"workshop suggestions the myself. is the brief task fixed, may document a and structure"	
"The lectures a understand - using most videos, after lovely learning useful weeks"	"is concept lecture to more which cover version Not students be 1 those not ourselves, considered"	"for it ourselves are aesthetic Solutions some It helpful I homework."	"practice document. More could there and platform, harder far. Its"	"- the novel writing my each Able in fostering programming"	"question us the currently with be a Possibly content on students presentation would No"	
"emphasis examples real - writing - difficult, good an how by chance problem"	"happy tests to it I then I the more I problem parts needed from that the"	"have realize save that quantity practical My code the notebook solutions."	"to concepts to if Perfect perfect for Not - explanation"	"- by code. and of the able tutors to attend"	"and help of big difficulties tutors they any will sits No, - to correct"	
